,Cyclone_Inlet_Gas_Temp,Cyclone_Material_Temp,Cyclone_Outlet_Gas_draft,Cyclone_cone_draft,Cyclone_Gas_Outlet_Temp,Cyclone_Inlet_Draft
Cyclone_Inlet_Gas_Temp,1.0,0.9647277716229261,-0.9030316249577385,-0.8996463103134815,0.9909698264683412,-0.901816557401357
Cyclone_Material_Temp,0.9647277716229261,1.0,-0.8806144429494533,-0.8775841587236163,0.9573821287648508,-0.8793559539709254
Cyclone_Outlet_Gas_draft,-0.9030316249577385,-0.8806144429494533,1.0,0.9684246071538649,-0.8987291037010702,0.9954422042607755
Cyclone_cone_draft,-0.8996463103134815,-0.8775841587236163,0.9684246071538649,1.0,-0.8930982451936611,0.9694469647210672
Cyclone_Gas_Outlet_Temp,0.9909698264683412,0.9573821287648508,-0.8987291037010702,-0.8930982451936611,1.0,-0.8985228935659912
Cyclone_Inlet_Draft,-0.901816557401357,-0.8793559539709254,0.9954422042607755,0.9694469647210672,-0.8985228935659912,1.0
