,count,mean,std,min,5%,25%,50%,75%,95%,max
Cyclone_Inlet_Gas_Temp,376399.0,727.3485493319589,328.66481366997306,0.0,30.19,856.27,882.38,901.11,934.07,1157.63
Cyclone_Material_Temp,376128.0,750.8304832131613,350.9210680988908,-185.0,20.43,867.6675,913.36,943.66,985.81,1375.0
Cyclone_Outlet_Gas_draft,376398.0,-177.82068480703933,99.1472364651124,-456.66,-277.61,-247.19,-215.26,-170.13,4.68,40.27
Cyclone_cone_draft,376399.0,-164.57261932151783,90.10302298041566,-459.31,-258.8,-226.77,-198.56,-143.64,0.33,488.86
Cyclone_Gas_Outlet_Temp,376398.0,715.7599718117523,325.3464462295095,13.79,30.24,801.96,871.525,899.3,933.05,1375.0
Cyclone_Inlet_Draft,376397.0,-141.30285671777403,77.61557618227586,-396.37,-221.12,-193.51,-169.46,-136.29,0.85,41.64
